<?xml version="1.0" encoding="UTF-8"?>
<project-private xmlns="http://www.netbeans.org/ns/project-private/1">
    <editor-bookmarks xmlns="http://www.netbeans.org/ns/editor-bookmarks/2" lastBookmarkId="0"/>
    <open-files xmlns="http://www.netbeans.org/ns/projectui-open-files/2">
        <group>
            <file>file:/C:/Users/khatr/OneDrive/Documents/NetBeansProjects/PalmValleyProject/src/com/geeks/dao/PackageDao.java</file>
            <file>file:/C:/Users/khatr/OneDrive/Documents/NetBeansProjects/PalmValleyProject/src/com/geeks/frames/OrderFrame.java</file>
            <file>file:/C:/Users/khatr/OneDrive/Documents/NetBeansProjects/PalmValleyProject/src/com/geeks/dao/TicketDetailsDao.java</file>
            <file>file:/C:/Users/khatr/OneDrive/Documents/NetBeansProjects/PalmValleyProject/src/com/geeks/dao/OrderDetailsDao.java</file>
            <file>file:/C:/Users/khatr/OneDrive/Documents/NetBeansProjects/PalmValleyProject/src/com/geeks/daoimpl/TicketDaoImpl.java</file>
            <file>file:/C:/Users/khatr/OneDrive/Documents/NetBeansProjects/PalmValleyProject/src/com/geeks/frames/TaxFrame.java</file>
            <file>file:/C:/Users/khatr/OneDrive/Documents/NetBeansProjects/PalmValleyProject/src/com/geeks/beans/TicketDetailsBean.java</file>
            <file>file:/C:/Users/khatr/OneDrive/Documents/NetBeansProjects/PalmValleyProject/src/com/geeks/daoimpl/TicketDetailsDaoImpl.java</file>
            <file>file:/C:/Users/khatr/OneDrive/Documents/NetBeansProjects/PalmValleyProject/src/com/geeks/beans/OrderDetailsBean.java</file>
            <file>file:/C:/Users/khatr/OneDrive/Documents/NetBeansProjects/PalmValleyProject/src/com/geeks/frames/ViewOrders.java</file>
            <file>file:/C:/Users/khatr/OneDrive/Documents/NetBeansProjects/PalmValleyProject/src/com/geeks/dao/TicketDao.java</file>
            <file>file:/C:/Users/khatr/OneDrive/Documents/NetBeansProjects/PalmValleyProject/src/com/geeks/util/Validation.java</file>
            <file>file:/C:/Users/khatr/OneDrive/Documents/NetBeansProjects/PalmValleyProject/src/com/geeks/frames/TicketFrame.java</file>
            <file>file:/C:/Users/khatr/OneDrive/Documents/NetBeansProjects/PalmValleyProject/src/com/geeks/daoimpl/PackageDaoImpl.java</file>
            <file>file:/C:/Users/khatr/OneDrive/Documents/NetBeansProjects/PalmValleyProject/src/com/geeks/dao/OrderDao.java</file>
            <file>file:/C:/Users/khatr/OneDrive/Documents/NetBeansProjects/PalmValleyProject/src/com/geeks/frames/ParkDashboard.java</file>
            <file>file:/C:/Users/khatr/OneDrive/Documents/NetBeansProjects/PalmValleyProject/src/com/geeks/daoimpl/OrderDetailsDaoImpl.java</file>
            <file>file:/C:/Users/khatr/OneDrive/Documents/NetBeansProjects/PalmValleyProject/src/com/geeks/util/UtilityClass.java</file>
            <file>file:/C:/Users/khatr/OneDrive/Documents/NetBeansProjects/PalmValleyProject/src/com/geeks/daoimpl/OrderDaoImpl.java</file>
            <file>file:/C:/Users/khatr/OneDrive/Documents/NetBeansProjects/PalmValleyProject/src/com/geeks/frames/ViewTicketBookings.java</file>
        </group>
    </open-files>
</project-private>
